[ {"lat": 51.505489,"lng": -0.12418579999996382,"name": "Clermont London (Coming Soon)","country": "United Kingdom","brand": "clermont-hotels-residences","address": "2 Whitehall Court, London, SW1A 2EJ, UK","phone": "T: +44 (0)20 7554 3915","url": "http://www.clermont-hotels.com/en/hotels-london"},{"lat": 1.2762486,"lng": 103.84579729999996,"name": "Clermont Singapore (Coming Soon)","country": "Singapore","brand": "clermont-hotels-residences","address": "Peck Seah Street, Choon Guan Street, Singapore","phone": "+44 (0)20 7554 3915","url": "http://www.clermont-hotels.com/en/hotels-singapore"},{"lat": 1.46209740086885,"lng": 103.74296748147583,"name": "Thistle Johor Bahru","country": "Malaysia","brand": "thistle","address": "Jalan Sungai Chat, Johor, Malaysia, 80720","phone": "+607 222 9234","url": "http://www.thistle.com/en/hotels/malaysia/johor_bahru/thistle_johor_bahru/index.html"},{"lat": 57.1972818,"lng": -2.2088410000000067,"name": "Thistle Aberdeen Airport","country": "United Kingdom","brand": "thistle","address": "Argyll Road, Aberdeen, AB21 0AF, UK","phone": "0871 376 9001","url": "http://www.thistle.com/en/hotels/united_kingdom/aberdeen/thistle_aberdeen_airport/index.html"},{"lat": 2.4970386382060337,"lng": 101.83969164001462,"name": "Thistle Port Dickson","country": "Malaysia","brand": "thistle","address": "KM16 Jalan Pantai, Teluk Kemang, 71050 Si Rusa, Port Dickson 71050","phone": "+606 648 2828","url": "http://www.thistle.com/en/hotels/malaysia/port_dickson/thistle_port_dickson/index.html"},{"lat": 57.10972109999999,"lng": -2.079880399999979,"name": "Thistle Aberdeen Altens","country": "United Kingdom","brand": "thistle","address": "Souter Head Road, Aberdeen, AB12 3LF, UK","phone": "0871 376 9002","url": "http://www.thistle.com/en/hotels/united_kingdom/aberdeen/aberdeen_altens/index.html"},{"lat": 57.146083,"lng": -2.1032923999999866,"name": "Thistle Aberdeen City Center, The Caledonian","country": "United Kingdom","brand": "thistle","address": "10-14 Union Terrace, Aberdeen, AB10 1WE, UK","phone": "0871 376 9003","url": "http://www.thistle.com/en/hotels/united_kingdom/aberdeen/thistle_aberdeen_city_centre/index.html"},{"lat": 3.146211,"lng": 101.66059199999995,"name": "Clermont Kuala Lumpur (Coming Soon)","country": "Malaysia","brand": "clermont-hotels-residences","address": "Jalan Johar, Bukit Damansara, 50490, Kuala Lumpur, Malaysia","phone": "+44 (0)20 7554 3915","url": "http://www.clermont-hotels.com/en/hotels-kuala-lumpur"},{"lat": 52.4848306,"lng": -1.8983167000000094,"name": "Thistle Birmingham City Center","country": "United Kingdom","brand": "thistle","address": " Saint Chads, Queensway, Birmingham, West Midlands B4 6JA, UK","phone": "0871 376 9005","url": "http://www.thistle.com/en/hotels/united_kingdom/birmingham/thistle_birmingham_city_centre/index.html"},{"lat": 51.5178387,"lng": -0.12369660000001659,"name": "Thistle Holborn - The Kingsley","country": "United Kingdom","brand": "thistle","address": "Bloomsbury Way, London, WC1A 2SD, UK","phone": "0871 376 9006","url": "http://www.thistle.com/en/hotels/united_kingdom/london/thistle_holborn/index.html"},{"lat": 51.5208916,"lng": -0.12296200000002955,"name": "every Hotel Bloomsbury (Coming Soon)","country": "United Kingdom","brand": "every-hotels","address": "126 Southampton Row, London WC1B 5AD, UK","phone": "020 7554 3890","url": "http://www.every-hotels.com"},{"lat": 51.3588983,"lng": 0.2534502999999404,"name": "Thistle Brands Hatch, Dartford","country": "United Kingdom","brand": "thistle","address": "Brands Hatch, Longfield, Kent, DA3 8PE, UK ","phone": "0871 376 9008","url": "http://www.thistle.com/en/hotels/united_kingdom/dartford/thistle_brands_hatch/index.html"},{"lat": 50.8202487,"lng": -0.14047800000003008,"name": "Thistle Brighton","country": "United Kingdom","brand": "thistle","address": "Kings Road, Brighton, BN1 2GS, UK","phone": "0871 376 9041","url": "http://www.thistle.com/en/hotels/united_kingdom/brighton/thistle_brighton/index.html"},{"lat": 51.4553364,"lng": -2.5937556000000086,"name": "Thistle Bristol City Center","country": "United Kingdom","brand": "thistle","address": " Broad Street, Bristol, City of Bristol BS1 2EJ, UK","phone": "0871 376 9042","url": "http://www.thistle.com/en/hotels/united_kingdom/bristol/thistle_bristol_city_centre/index.html"},{"lat": 51.48263676335342,"lng": -3.174210647885161,"name": "Thistle Cardiff City Center, The Parc","country": "United Kingdom","brand": "thistle","address": "Park Place, Cardiff, CF10 3UD, UK","phone": "0871 376 9011","url": "http://www.thistle.com/en/hotels/united_kingdom/cardiff/thistle_cardiff_city_centre/index.html"},{"lat": 51.50859977462657,"lng": -0.12476695026248308,"name": "Amba Hotel Charing Cross","country": "United Kingdom","brand": "amba-hotels","address": "The Strand, London, WC2N 5HX, UK","phone": "+44 (0)207 554 3915","url": "http://www.amba-hotel.com/"},{"lat": 51.8962696,"lng": -2.1025412999999844,"name": "Thistle Cheltenham","country": "United Kingdom","brand": "thistle","address": " Gloucester Road, Cheltenham, Gloucestershire, UK","phone": "0871 376 9013","url": "http://www.thistle.com/en/hotels/united_kingdom/cheltenham/thistle_cheltenham/index.html"},{"lat": 51.52731164606946,"lng": -0.0963657888854641,"name": "Thistle City Barbican","country": "United Kingdom","brand": "thistle","address": "Central Street, Clerkenwell, London, EC1V 8DS, UK","phone": "0871 376 9004","url": "http://www.thistle.com/en/hotels/united_kingdom/london/thistle_city_barbican/index.html"},{"lat": 52.840649,"lng": -1.3415750000000344,"name": "Thistle East Midlands Airport","country": "United Kingdom","brand": "thistle","address": "Castle Donington, Derby, DE74 2SH, UK","phone": "0871 376 9015","url": "http://www.thistle.com/en/hotels/united_kingdom/derby/thistle_east_midlands_airport/index.html"},{"lat": 51.51533999999999,"lng": -0.1602163999999675,"name": "The Cumberland","country": "United Kingdom","brand": "the-cumberland","address": "Great Cumberland Street, Marble Arch, London, W1H 7DL, UK","phone": "0871 376 9014","url": "http://www.guoman.com/en/hotels/united_kingdom/london/the_cumberland/index.html"},{"lat": 55.9541406,"lng": -3.1875993999999537,"name": "Thistle Edinburgh, The King James","country": "United Kingdom","brand": "thistle","address": "107 Leith Street, Edinburgh, EH1 3SW, UK","phone": "0871 376 9016","url": "http://www.thistle.com/en/hotels/united_kingdom/edinburgh/thistle_edinburgh/index.html"},{"lat": 51.529158,"lng": -0.13677099999995335,"name": "Thistle Euston","country": "United Kingdom","brand": "thistle","address": "Cardington Street, Euston, London, NW1 2LP, UK","phone": "0871 376 9017","url": "http://www.thistle.com/en/hotels/united_kingdom/london/thistle_euston/index.html"},{"lat": 50.725665507312016,"lng": -3.533423869311491,"name": "Thistle Exeter City Center","country": "United Kingdom","brand": "thistle","address": "Queen Street, Exeter, Devon EX4 3SR, UK","phone": "0871 376 9018","url": "http://www.thistle.com/en/hotels/united_kingdom/exeter/thistle_exeter_city_centre/index.html"},{"lat": 55.86588730931322,"lng": -4.259499048410021,"name": "Thistle Glasgow","country": "United Kingdom","brand": "thistle","address": "Cambridge Street, Glasgow, G2 3HN","phone": "0871 376 9043","url": "http://www.thistle.com/en/hotels/united_kingdom/glasgow/thistle_glasgow/index.html"},{"lat": 53.4712705,"lng": -2.644074600000067,"name": "Thistle Haydock","country": "United Kingdom","brand": "thistle","address": "Penny Lane, Haydock, Merseyside WA11 0QU, UK","phone": "0871 376 9044","url": "http://www.thistle.com/en/hotels/united_kingdom/haydock/thistle_haydock/index.html"},{"lat": 51.51111118772956,"lng": -0.18084394921265812,"name": "Thistle Hyde Park","country": "United Kingdom","brand": "thistle","address": "Lancaster Gate, London W2 3NA, UK","phone": "0871 376 9022 ","url": "http://www.thistle.com/en/hotels/united_kingdom/london/thistle_hyde_park/index.html"},{"lat": 57.48232331540709,"lng": -4.206948593254083,"name": "Thistle Inverness","country": "United Kingdom","brand": "thistle","address": "Millburn Road, Inverness, IV2 3TR, UK","phone": "0871 376 9023","url": "http://www.thistle.com/en/hotels/united_kingdom/inverness/thistle_inverness/index.html"},{"lat": 51.510735097798374,"lng": -0.18438281971282322,"name": "every Hotel Hyde Park (Coming Soon)","country": "United Kingdom","brand": "every-hotels","address": "104 Bayswater Road, London W2 3HL, UK","phone": "020 7554 3890","url": "http://www.every-hotels.com"},{"lat": 53.40731909888156,"lng": -2.9952823898270253,"name": "Thistle Liverpool, The Atlantic Tower","country": "United Kingdom","brand": "thistle","address": "Chapel Street, Liverpool, L3 9RE, UK","phone": "0871 376 9025","url": "http://www.thistle.com/en/hotels/united_kingdom/liverpool/thistle_liverpool_city_centre/index.html"},{"lat": 51.48009474489529,"lng": -0.48313993136594036,"name": "Thistle London Heathrow, Terminal 5","country": "United Kingdom","brand": "thistle","address": "Bath Road, Longford, West Drayton, UB7 0EQ, UK","phone": "0871 376 9021","url": "http://www.thistle.com/en/hotels/united_kingdom/london/thistle_london_heathrow/index.html"},{"lat": 53.480261995598724,"lng": -2.235329766270411,"name": "Thistle Manchester City Center","country": "United Kingdom","brand": "thistle","address": "3-5 Portland Street, Piccadilly Gardens, Manchester, M1 6DP, UK","phone": "0871 376 9026","url": "http://www.thistle.com/en/hotels/united_kingdom/manchester/thistle_manchester_city_centre/index.html"},{"lat": 51.51432743947171,"lng": -0.15658506745910472,"name": "Amba Hotel Marble Arch (Coming Soon)","country": "United Kingdom","brand": "amba-hotels","address": "Bryanston Street, Marble Arch, London, W1H 7EH, UK","phone": "+44 (0)207 554 3915","url": "http://www.amba-hotel.com/"},{"lat": 54.57679894521597,"lng": -1.2309069478851598,"name": "Thistle Middlesbrough","country": "United Kingdom","brand": "thistle","address": "Fry Street, Middlesbrough, TS1 1JH, UK","phone": "0871 376 9028","url": "http://www.thistle.com/en/hotels/united_kingdom/middlesbrough/thistle_middlesbrough/index.html"},{"lat": 54.969145822557465,"lng": -1.617375061359553,"name": "Thistle Newcastle City Center","country": "United Kingdom","brand": "thistle","address": "Neville Street, Newcastle, NE1 5DF, UK","phone": "0871 376 9029","url": "http://www.thistle.com/en/hotels/united_kingdom/newcastle/thistle_newcastle_city_centre/index.html"},{"lat": 51.51032087261285,"lng": -0.13158208504182767,"name": "every Hotel Piccadilly (Coming Soon)","country": "United Kingdom","brand": "every-hotels","address": "Coventry Street, London, W1D 6BZ, UK","phone": "020 7554 3890","url": "http://www.every-hotels.com"},{"lat": 50.71197719613064,"lng": -1.9827905656455869,"name": "Thistle Poole","country": "United Kingdom","brand": "thistle","address": "The Quay, Poole, Dorset, BH15 1HD, UK","phone": "0871 376 9032","url": "http://www.thistle.com/en/hotels/united_kingdom/poole/thistle_poole/index.html"},{"lat": 51.72101606763947,"lng": -0.3650500640625296,"name": "Thistle St Albans, The Noke","country": "United Kingdom","brand": "thistle","address": "Watford Road, St Albans, Herts, AL2 3DS, UK","phone": "0871 376 9034","url": "http://www.thistle.com/en/hotels/united_kingdom/st_albans/thistle_st_albans/index.html"},{"lat": 51.50659720219011,"lng": -0.07377947885129288,"name": "Amba Hotel Tower Bridge (Coming Soon)","country": "United Kingdom","brand": "amba-hotels","address": "St Katherine’s Way, London, E1W 1LD, UK","phone": "+44 (0)207 554 3915","url": "http://www.amba-hotel.com/"},{"lat": 51.50906790000001,"lng": -0.1303519000000506,"name": "every Hotel Leicester Square (Coming Soon)","country": "United Kingdom","brand": "every-hotels","address": "Whitcomb Street Trafalgar Square, London, WC2H7HG, UK","phone": "020 7554 3890","url": "http://www.every-hotels.com"},{"lat": 51.49560415222005,"lng": -0.1452712209014635,"name": "Amba Hotel Buckingham Palace Road (Coming Soon)","country": "United Kingdom","brand": "amba-hotels","address": "101 Buckingham Palace Road, London, SW1W 0SJ, UK","phone": "0871 376 9038","url": "http://www.amba-hotel.com/"} ]